Company Name,Certificate Number
22nd Street Beverages Inc,2184
"2Toms Brewing Company, Inc",2053
4 Hands Brewing Company LLC,1726
856 Brewing Co LLC,1616
"903 Brewers, LLC",2036
Aardwolf Brewing Company LLC,1811
Abbey Brewing Co LLC,1497
ABGB Co LLC The,1878
Abita Brewing Company LLC,1643
ABK Betriebsgesellschaft der Aktienbrauerei Kaubeuren GmbH,1580
ABW Atlanta LLC,1874
Adelbert's Brewery LLC,1540
Adroit Theory Brewing Company LLC,1812
Adroit Theory Brewing Company LLC,2068
Aiko Importers Inc,1299
Alaskan Brewing LLC,1183
Alchemy Brewing Stowe LLC,1831
Alchemy Canning Ltd,1830
Aldersbach Brauerei Freiherr von Aretin GmbH & Co. KG,1710
Ale Apothecary LLC The,1667
Alibi Ale Works LLC,1768
All Brazilian Import & Export Inc,2099
Allagash Brewing Co,1163
"ALLEN, Richard Scott",1560
Allgaueuer Brauhaus AG,1052
Alltech's Beverage Division LLC,1579
American Beverage Corporation,1638
American Craft Brewery LLC,1553
Amtec International of New York Corp,1023
Anheuser-Busch LLC,14
Answer Brewpub Co The,1942
Antares Brewery,2171
Aragoso Corp,1552
Arborway Imports,1496
Arcobrau Grafliches Brauhaus,1624
Arizona Wilderness Brewing Company,1892
ARKO LLC,1247
Arkose Brewery LLC,1760
Arran Brewery,1775
Art History Brewing Inc,2125
Artesanas de Malta Y Cebada S. de R.L. de C.V.,1845
Asahi Beer U.S.A. Inc,1097
Asahi Breweries LTD,2090
Asia Brewery Incorporated,1636
Asia Pacific Breweries Singapore,162
Aslan Brewing Company LLC,1979
Aslin Beer Company,1788
Aspen Brewing Company,1682
Associated Brewing Company,1388
"Athenee Importers & Distr., Ltd",1153
Aumakua Holdings Inc,1346
"Austin Beerworks, LLC",1691
Australian Brewery,1763
Avery Brewing Company LLC,1829
"B-Side Liquid Assets, LLC",2160
B. United International Inc,902
B.C. Marketing Concepts,794
B.G.I. Ethiopia PLC,1326
B.G.I. Tien Giang,850
Baa Baa Brewhouse,2128
Bacardi U.S.A. Inc,926
Baird Brewing Company,2065
Baja Brewmasters S De R.L. De C.V.,2017
"Bale Breaker Brewing Company, LLC",1698
Balearic Beverage Distributors Inc,984
Baltika Breweries,2032
Baltika Brewery,1150
Bamberg Ind e Com de Bebidads Ltda,2176
Band of Bohemia LLC,1792
Banville & Jones Wine Merchants Inc,1434
Barbarian Brewing LLC,2123
Bards Tale Beer Co LLC,1396
Barrel of Monks LLC,2086
Barreled Souls Brewing Company LLC,1929
Base Camp Brewing CO LLC,1500
Batemans,1476
Bavaria N.V.,590
BBL Inc,1839
BDP Brewing Company LLC,1995
Bearded Iris Brewing  Company LLC,1796
Beavertown Brewery Ltd,1661
Beer Valley Brewing Company LLC,1323
Beerternational LLC,2049
Bell's Brewery Inc,1546
Beltline Brewing LLC,1945
Belukus Marketing Inc,1288
Beverage Innovation Corp,2012
Bierbrouweij de Koningshoeven B.V.,1379
Bierstadt Lagerhaus LLC,1875
Big A1 Brewing Inc,1626
Big Sky Brewing Company,1223
Binding-Brauereri A.G.,880
Birra Capri Artigianale,1576
Birra Menabrea SPA,1231
Birra Peroni S.r.l,2024
Birradamare Soc Agr. A RL,1771
Birrificio Forum Iuli Societa Agricola Srl,1943
Bissell Brothers Brewing Company LLC,1814
Bitburger Brauerei Th. Simon,408
Bitburger Braugruppe GmbH,1998
BJ's Restaurants Inc,1234
BKE LLC,1844
Black Sea Imports Inc,1432
Blackberry Farm LLC,2172
BlackStack Brewing Inc,2057
Blue Spring Imports Inc,1684
Boathouse Beverage LLC,1611
Bockhold NV,1505
Bodegas Y Vinedos Del Linaje Garsea,2122
Bolero Snort LLC,1810
Bolt Beer Company,1986
BOM Brewery Bvba,1489
Boneyard Beer LLC,1606
"Boonrawd Trading Int'l. Co., Ltd",1465
Border Psycho Brewery S de RL de CV,1640
Boston Beer Corporation,1115
Boulder Beer Inc,1291
Bow + Arrow Brewing Co,2072
Br. Van Den Bossche,1466
Brasserie Abbaye du Val-Dieu,1089
Brasserie Caracole,1090
Brasserie D'Orval S.A.,507
Brasserie de Bastogne,1521
Brasserie de Brunehaut s.a.,1450
Brasserie de Silly,1311
Brasserie De Tahiti S.A.,191
Brasserie Du Bocq,1487
Brasserie Et Malterie Almaza Sal,651
"Brasserie La Parisienne, SARL",1711
Brasserie Labatt Ltd.,971
Brasserie Lefebvre,1284
Brasserie Les 3 Fourquets,1495
Brasserie Licorne SAS,1966
Brasserie Nationale SA,1734
Brasserie Schutzenberger,435
Brasserie Silenrieux,1312
Brasserie St. Feuillien,1260
Brasseurs de Gayant,1041
Brauerei Aying-Franz,540
Brauerei Bischofshof,1051
Brauerei C.A. Veltins Gmbh & Co,1149
Brauerei Gebr. Maisel KG,1449
Breakside Brewery LLC,1596
Breckenridge Brewery LLC,1625
Breckenridge Brewery of Colorado LLC,1485
Brew Alliance America LLC,2115
Brew Detroit LLC,1953
Brew Hub LLC,1786
Brewdog Brewing Company LLC,2157
Brewery Martens,1477
Brewery Omer Vander Ghinste,1377
Brix Haus Brewing Inc,2110
Brooklyn Brewery The,1322
Brothers Parris LLC,1909
Broue Alliance,1883
Brouwerij 't IJ,2177
Brouwerij Boelens,1310
Brouwerij Boon nv,1784
Brouwerij Bosteels,1266
Brouwerij Brasserie L huyghe,2103
Brouwerij De Brabandere,1303
Brouwerij De Landtsheer,1283
Brouwerij Kortrijk-Dursel,1492
Brouwerij Lindemans Farm,488
Brouwerij St Bernardus,2164
Brouwerij Sterkens,1635
Brouwerij Van Honsebrouck,1568
Brouwerij Van Steenberge,1304
Brouwerij Ven Eecke NV,1308
Brouwerij Verhaeghe-Vicht,1098
Brouwers Verzet Bvba,1494
Brown-Forman Corporation,948
Brussels Beer Project,1957
Buffalo Bayou Brewing Company,2100
Burial Beer Co LLC,1798
Burley Oak LLC,1813
Butternuts Beer and Ale LLC,1518
Caldera Brewing Company,1297
Cambrew Ltd,1765
Camo Brewing Company Inc,1069
"Canal Street Brewing Co., LLC",1454
Canarchy CraftBrewery Collective LLC,2130
Captain Lawrence Brewing LLC,1808
"Caribbean Distillers, LLC",2145
Carlsberg Deutschland GmbH,2011
Carlsberg Sverige AB,1739
Carriage House Imports Ltd.,1453
Cascade Brewing Co LLC,1354
Casey Brewing and Blending LLC,1952
"Casita Brewing Company, LLC",2062
"Castle Island Brewing Company, LLC",1982
CBC Latrobe Acquisition LLC,1468
Central Beer Import and Export,1177
Central City Brewers & Distillers Ltd,1564
Cerebral Brewing LLC,1755
Cerveceria Allende Sapi De CV,2015
Cerveceria Bajamuri S. de R.L. de C.V.,2126
Cerveceria Cabrito Sapi De CV,2075
Cerveceria Centroamericana S.A.,325
Cerveceria Cuauhtemoc Moctezuma S.A. de C.V.,2096
Cerveceria Hondurena S.A. de C.V.,1360
Cerveceria Insurgente S.A. De C.V.,1605
Cerveceria La Transpeninsular RL SA de CV,1980
Cerveceria Manos de Calaca S de RL de CV,1578
Cerveceria Mexicana S. de R.L. de C.V.,1394
Cerveceria Wendlandt S. de R.L. de C.V.,1620
Cerveceria y Malteria Quilmes S.A.I.A.A. y G,1036
Cervejaria Leopoldina LTDA,2134
Cervesia Gratis Inc,2079
Cerveza Fauna S. de R.L. de C.V.,1621
Cerveza Loba SA DE CV,1863
Cerveza Zolupez Beer Company,2070
"Chatham Imports, Inc",903
Chicago America Holding LLC,1281
Chicago Craft Collective LLC,1708
Chicago Pizza Hospitality Holding Inc,1663
Chuckanut Brewery LLC,2140
Cigar City Brewing LLC,1702
"Cisco Brewers, Inc.",1482
City Brewing Company LLC,1328
Civil Society Brewing Co,1789
"CJSC ""Beer of Yerevan""",1164
Classic Brands LLC,2052
Cloudwater Brew Co,2182
CMZ LLC,1656
"Coedobrewery Japan Kyodoshoji Corp., Ltd.",1481
Collective Arts USA LTD,2004
Collective Brewing Project LLC The,1805
Colner Hofbrau Fruh KG,1470
Colorado Brewers Group LLC,1782
"Comeback Brewing, Inc.",909
"Common Roots Brewing Company, Inc",2050
Commonwealth Brewing Co LLC,1780
Compania Cervecera de Nicaragua SA,1913
Compania Cervecera de Obregon S de RL de CV,1764
Compania Cervera de Coahuila S. de R.L. de C.V.,1526
Connecticut Valley Brewing Co LLC,2035
Consercio Cervecero De Baja California,1134
Consorcio Onix SA de CV,1670
Coop Ale Works LLC,2153
Copper Kettle Brewing Company LLC,1759
"Core Brewing and Distilling Company, LLC",2181
Cosmos Brewery (Thailand) Co LTD,2133
Country Boy Brewing LLC,1597
Courtyard Brewery The,1866
"Craft Brew Alliance, Inc",1342
Craft Cask & Cork,1538
"Crazy Mountain Brewing Co., LLC",1483
"Crazy Mountain Brewing Co., LLC",2010
Creature Comforts Brewing Company LLC,1861
Critical Juncture Brewing LLC,1926
Crook & Marker LLC,1912
Crooked Stave LLC,1769
Crown Beverages Inc.,321
Crown Imports LLC,1591
"Crown Valley Winery, Inc",2136
Culmination Brewing Co,1893
Cycle Brewing Inc,2082
D & V International Inc,1182
Dancing Gnome LLC,1907
DankHouse LLC,1842
Dapper Brewing Company LLC,1937
de Garde Brewing Inc,1820
De Proef Brouwerij,1302
Deciduous Brewing Co LLC,1941
Definitive Brewing Company LLC,2013
Deschutes Brewery Inc,858
Desnoes and Geddes,2095
Destihl Brewery LLC,1975
Destination Unknown Beer Co Inc,2047
Detroit Rivertown Brewing Co LLC,1547
Devans Modern Breweries Ltd,1581
Diageo Beer Company USA,253
Dinkelacker-Schwaben Brau,1537
Disruption Grain LLC,1895
Doctor Bob Enterprises LLC,1924
Dog and Pony Brew Co LLC,1919
Dogfish Head Craft Brewery Inc,1096
Donya LTD,2148
Doomsday Brewing Company LLC,1648
Dortmunder Actien Brauerei AG,1196
Dortmunder Kronen Brauerei,845
Double Brew LLC,1774
Double Mountain LLC,1522
Doyna Ltd.,1087
Drekker Brewing Company LLC,2029
"DuClaw Brewery, LLC",2127
DuPuis Ventures LLC,1988
"Dutchess Ales, LLC",2027
Duvel Moortgat USA Ltd,1194
E9 Brewery LLC,1758
Eastern Liquors USA Inc,1429
Edge Brewing Company,2077
Elder Pine brewing & Blending Co,2076
Elgood & Sons Ltd,1619
Elkano Consulting IMG S.L.,2129
Elysian Brewing Company Inc,1341
Emencee Pty Ltd,1950
Energy City Brewing LLC,2034
Epic Brewing Company LLC,1446
Equilibrium Brewery LLC,1920
Erzquell Brauerei,1448
Eurobrew Inc,1316
Evans Brewing Company Inc,1750
Evasion Brewing Inc,1985
Everybody's Brewing LLc,2033
Ex Novo Brewing Company,1681
Exhibit 'A' Brewing Company,2063
F & F Fine Wines International Inc,1987
Fabbrica Della Birra Tenute Collesi SRL,1380
Fair Isle Brewing LLC,2041
Fair State Brewing Cooperative,1674
Fantis Imports Inc,1195
FAR OPCO LLC,1627
Farlo LLC,2046
"Fentimans USA, Inc",2001
Fermented Projects LLC,1904
Fish Brewing Company,860
Five Star Brewing Co,1212
Flying Dog Brewery LP,1372
Foam Brewers LLC,1925
Fonta Flora Brewery LLC,1833
"Food Cycle Brewery, LLC, The",2061
Foolproof Brewing Company LLC,1767
Forest and Main Brewing Co LLC,1927
Four Corners Brewing Company LLC,1994
Four Peaks Brewing Company,1622
FrauGruber-Gewerbeanmeldung,2170
Frederick Robinson Ltd.,1459
Fresh From California Family Business Inc The,1699
Friedenfelser Brauerei Gmbh,1932
Fulton LLC,1899
Fulton Street Brewery LLC,1368
Funk Factory Geuzeria LLC,1938
Funky Buddha Brewery Inc,1751
Garage Project,1956
Garden Path Fermentation LLC,1918
GB Acquisition Inc,1395
"GBBC- Reno, LLC",2113
Gebr. Sunner Gmbh & Co KG,1378
Geloso Beverage Group LLC,1397
Gentse Stadsbruowerij Gruut,1490
Georgetown Trading Co LLC,1607
Get Funky LLC,1827
Ghostfish Brewing Company LLC,2071
Gigantic Brewing Co LLC,1507
"GJS Sales, Inc",2007
Global Village Imports LLC,1187
GMB Partners LLC,1601
Good Life Imports Inc,1651
Good Omen Bottling LLC,1778
"Good, Bad, Ugly LLC",1880
Goodwood Brewing Co,2178
Grand Prix Beverage LLC,1473
Grand Slam Brewery LLC,2067
Granfalloon Brewing LLC,1793
Great Basin Brewing Co A LPSHIP,1406
Great Divide Brewing Company,901
Great Leap Brewing,1954
Green Bench Brewing Co LLC,2180
Greene King Brewing and Retailing Limited,1585
Greenlake Brewing Co LLC,1687
Grimm Ales LLC,1946
Ground Breaker Brewing LLC,1631
Gyumri Garejour LLC,1869
H&T Hakobyanner,1901
"Hair of the Dog Brewing Co., Inc.",900
Hammond Artisan Beverages Inc,1562
"Happy Dad, LLC",2116
Hardywood Park Craft Brewery LLC,1779
Harris Brewing LLC,1696
Hawaiian Ola Brewing Corporation,2008
"HBC, LLC",2009
Heineken Breweries SC,1931
Heineken Brouwerijen BV,2098
Heineken UK LTD,2097
Heineken USA Incorporated,43
Heinken Italia S.p.A,2094
Hermana Republica SA de CV,1848
Het Anker,2109
"Hidden Springs Ale Works, LLC",2154
High Falls Operating Company LLC,1374
High Sierra Brewing Co Inc,1417
"Hill Farmstead, LLC",1990
Himburgs Braukunstkeller Gmbh,1934
"HiteJinro Co., Ltd",1714
Hofbrauhaus Traunstein Josef Sailer KG,1922
Hofmark Brauera Paul Haring KG,1119
Home Brew Mart Inc,1997
Homes Brewery LLC,2081
Hoof Hearted Brewing LLC,1888
Hop Butcher For The World LLC,2078
Hopewell Brewing Company LLC The,1807
Hoppin' Frog Limited,2038
Hopworks Urban Brewery LLC,1715
Hornel Brewing Company Inc,1387
Hudson Valley Brewery LLC,1963
Humboldt Street Collective LLC,1712
Illuminated Brew Works,2059
Illyrian Import Inc,1254
Imagine Nation Brewing Company,2069
Imprint Beer Co LLC,2186
Independent Brewers United LLC,1353
Indian Peaks Brewing Co,859
Indian River Beverage Corporation,1618
Ingenious Brewing Company LLC,2111
Intercontinental Packaging Company,2152
International Distillers & Vintners,1471
InterTrade USA Company,1799
Iron Horse Beverage LLC,1367
"It's Good Imports, LLC",2000
IWK USA Importers LLC,1856
J Ramsak & Sons,1215
J Wakefield Brewing LLC,1650
Jack's Abbey Brewing LLC,1859
Jacob Leinenkugel Brewing Company,754
JayDev Brew Inc,1928
JBR Brewing LLC,1719
JBT Holdings LLC,2188
Jom Wine & Spirits Inc,1865
Jones Brewing Company,1402
JSC Moscow Brewing Company,1825
Kabrew Co Ltd,1689
Kane Brewing Company LLC,1824
Kassatly Beirut SAL,1855
Kasteelbruwerij de dool NV,1493
"Kato Int'l. Marketing & Distribution, LLC",1654
KB Brewing Inc,1509
"Kbkk, LLC",1940
Khmer Brewery Limited,1678
Kings County Brewers Collective LLC,1906
Klosterbrauerei Andechs,1527
Klosterbrauerei Reutberg,1201
Klosterbrauerei Weltenburg GmbH,978
Kojima & International Associates Inc,1317
Kralovsky Pivovar Krusovice A.S.,1273
Krebs Brewing Co Inc,1843
Krombacher Brauerei,1479
Krombacher USA LLC,1614
Krynica Vitamin S.A,2093
Kyodoshoji Corporation Limited,2002
La Competencia Imports LLC,2040
La Constancia S.A.,350
La Cumbre Brewing Co.,1967
La Source Beer Co,2173
Labatt USA Operating Co LLC,1675
Lagunitas Brewing Company The,1645
Lake Zurich Brewing Company LLC,1972
Lakefront Brewery Inc,1642
Lane County Brewing LLC,1746
Lao Brewery Co. Ltd.,1034
Lazy Magnolia Brewing Co LLC,1442
LDB Beverage Company,1826
Les Brasseurs de Lorraine,1802
"LIC Brewery, LLC",1772
"LIC Brewery, LLC",2084
"Lil Beaver Brewery, LLC",2085
"Lion-Beer, Spirits & Wine Pty Ltd",1776
Lita Food,2014
Little Beast Brewing LLC,1853
"Logsdon Farmhouse Ales, LLC",1443
Lomisi JSC,1891
Lord Hobo Brewing Company LLC,1717
Lost Nation Brewing LLC,1877
Lotte Chilsung Beverage Co Ltd,1583
Louisiana Roots LLC,2167
"Loverboy, Inc",2119
Lucky Drink Pty Ltd,1902
Luna Bay Co,2162
Lupulin Brewing LLC,2158
LYM Grupo Cervecero S de RL de CV,2101
LYTT LLC,1948
Macedonian Thrace Brewery SA,2161
Mad Dog Brewing Company LLC,1800
"Mad Scientist Brewing Partners, LLC",1683
MadTree Brewing LLC,1970
Magnify Brewing LLC,1841
Main & Mill Barrelworks LLC,2108
Main and Mill Brewing  Company LLC,1959
Maine Beer Company  LLC,1695
Malinka Imports LLC,2018
Mark Anthony Brands Inc.,1120
Marwal Art Industries Inc,1209
"Mass Bay Brewing Co., Inc",1484
Massachusetts Beverage Alliance LLC,1577
Mast Landing Brewing Company,2132
Matt Brewing Company Inc,769
Mazama Brewing Co LLC,1559
McKenzie River Brewing Co LLC,1550
MCM Trading Inc,1991
Meadan Brewery Ltd,1754
Meantime Brewing Company Ltd,1263
Melbourn Bros. Brewery,893
Melvin Brewing Company LLC,1900
Mestansky Pivovoar Havlickuv Brod a.s.,1048
Mestansky Pivovoar Havlickuv Brod a.s.,2019
Metal Monkey Brewing LLC,1908
Metal Monkey Brewing LLC,1993
MHW LTD,1205
Michael Plank Brewery Ltd,1723
"Mighty Swell Cocktail Company, LLC",2120
MillerCoors LLC,1337
Milwaukee Brewing Company,2042
Moab Brewers LLC,1529
Modestman LLC,2124
Modist Brewing LLC,2039
Molson Canada 2005,1413
Monkless Brewing LLC,1965
Moonlight Meadery LLC,2023
Morgan Imports LLC,1376
Mortalis Brewing Company LLC,2107
Mother Earth Brew Co LLC,1743
Mountain Bubbles Inc,1969
Mountain Crest SRL LLC,1343
Mountains Walking Brewery,2045
MPL Brands NV Inc,2020
Mudshark Pizza Inc,1331
Munkebo Microbrewery,1756
MXM Beverages LTD,1983
Myanmar Brewery Ltd,1633
Namibia Breweries Limited,1129
Narwhal LLC,1736
Nebraska Brewing Co Inc,1528
Netherlands Brewery Ltd,1265
New Anthem LLC,2159
New Belgium Brewing Company Inc.,1166
New Braunfels Brewing Company LLC,1817
New City Brewery LLC,1659
New Planet Beer Company,1416
"New World Beverages, Inc",2051
Nicaragua Craft Beer Co,2104
Nimbus Brewing Company LLC,1278
Ninkasi Brewery LLC,1382
Noble Brewing Company LLC,1822
"Noca Beverages, Inc",2166
"Northern United Brewing Company, LLC",1977
Nova Paka Brewery,1044
Nude Beverages Inc,1984
Nuovo Birrificio Italiano srl,1955
Oakshire Inc,1566
Occidental Brwing Company,2026
Octopi Brewing LLC,1740
Odd Breed Wild Ales,2025
Odd13 Brewing Inc,1911
Odell Brewing Company Inc,1685
Old Town Brewing Company LLC,2112
Olde World Imports Inc,1783
Oniya Line B.V.,1644
Oregon Brewing Company,770
Oriental Brewery Co,1868
Orion Breweries LTD,1076
Oskar Blues Brewery LLC,1330
Other Half Brewing Co Inc,1727
Otro Mundo Brewing Company SA,1742
Ottakringer Brauerei GmbH,2091
Our Mutual Friend Inc,1847
Outer Range Inc,1898
Oxbow Brewing Company LLC,1860
Pabst Brewing Company,5
Pacific International Liquor Inc,1421
Palaweno Beer Company,1960
Paradox Beer Company Inc,1623
"Parish Brewing Co, LLC",1996
Park Street Imports LLC,1974
Pathumthani Brewery Co Ltd,1510
Paulaner USA LLC,1399
Payette Brewing Co LLC,1738
Peabody Heights Brewery LLC,1515
Peak Organic Brewing Co LLC,1285
Pelican Brewing Company,1639
Pen Druid Brewing Co LLC,2179
"Pen Druid Brewing Co, LLC",1981
Perennial Partners LLC,1588
Pezbaja S. de R.L. de C.V.,1587
pFriem Brewing Company LLC,1801
Pfungstadter Brauerei Hildebrand GmbH & Co. KG,1709
Phusion Projects LLC,1373
Pilot Project Brewing LLC,2006
Pinkus Muller,441
Pinthouse Pizza LLC,1867
Pipeworks Production LLC,1823
Pivovar Samson,1561
Pivovara Daruvar d.o.o.,1456
Pivovary Staropramen a.s.,1419
Pivovzr Zubr a.s.,2016
Plzensky Przadroj a.s.,2121
Polish Folklore Import Co Inc,1939
Premium Beverages LLC,1873
Primator a.s.,1363
Prision Brewing Co LLC,2144
Private Brewery Afanasy Ltd,1871
Private Landbrauerei Schoenram,1250
Private Landbrauerei Schoenram,2174
Productora de Bebidas PS S de RL de CV,1593
Productora La Florida SA,1206
Propolis Brewing LLC,1608
Pueblo Vida Brewing Company LLC,1886
Pulpit Rock Brewing Company LLC,1921
PVXELAS S de RL de CV,1964
Quash Seltzer,2083
Quest Beverages LLC,1936
Quinas USA,1916
Radeberger Gruppe KG,1543
Ravenbrands Inc,1371
Realerevival Brewing LLC,1797
Redemption Spirits LLC,1745
REEB Inc,1819
Reed's Inc,2156
Referend LLC The,1961
Regal Brau Brewing Co LLC,1533
"Releta Brewing Co., LC",1137
"Remarkable Liquids, LLC",
Resident Culture Brewing Company LLC,1917
Reuben's Brews LLC,1791
Reverence Brewing Company LLC,2131
Revision Brewing Company LLC,1741
Revolution Beer LLC,1705
Rhinegeist LLC,1628
Rhinelander Brewing Company LLC,1423
Riedenburger Brauhaus Michael Krieger Gmbh & Co,1933
River Barrel Brewing Inc,1690
RiverBend Brewing,1976
Rivertown Brewing Company LLC The,1669
Rochefort Trappistes Brewery,1237
Rockmill Brewery LLC,1582
Royal Czech Beer.cz s.r.o.,1815
Ruse Brewing LLC,1837
Rusty Rail Brewing Co LLC,2080
S&J Corvallis LLC,1556
Sa Be Co,1364
Saint Louis Brewery LLC The,1872
Samoa Breweries Limited,1836
Samuel Smith Old Brewery,426
San Miguel Beer (Thailand) Limited,2064
San Miguel Brewery Hong Kong Ltd,1672
San Miguel Brewery Inc,1673
SanTan Brewing Company Inc,1549
Saporro Vietnam LTD,2028
Sapporo International Inc.,1319
Sapwood Cellars LLC,1971
Savas Spirits Intenational LLC,1851
"Sazerac Company, Inc",2139
Scratch Brewing Company,1854
SEMB CF LLC,1903
Septem Microbrewery OE,1632
Seven Brides Brewing Inc,1610
Sevenbrau Co Ltd,1849
Shades of Pale inc,2021
"ShadySide Beverages, LLC",2087
Shaffer Young LLC,1973
Shelton Brothers,956
Shipyard Brewing Company LLC,957
Shmaltz Brewing Company LLC,1525
Short's Brewing  Company LLC,1809
Shortround Corporation,1569
Sierra Madre Beverage Company,1657
Sierra Nevada Brewing Co,1575
Silver City Brewery LLC,1609
Silver Moon Brewing Inc,1701
SingleCut beersmiths LLC,2138
Ska Brewing Co,1570
Sleeman Breweries Ltd,1637
Sleeman Brewing Co USA Inc,1514
Sleeping Giant Beverage Company Inc,1629
Sleeping Giant Brewing Co LLC,1613
"SLJ Group, Inc.",923
Smart Beer LLC,1666
SMC Cincinnati LLC,1270
Smuttynose Brewing Company Inc,1517
Soc. Agr. Mastri Birrai Umbri S.s.,1615
Sole Artisan Ales,2022
Sound Brewery LLC,1641
Soundgrowler Brewing Company,2141
Southern Grist Brewing Company LLC,1915
"Southern Tier Brewing Company, LLC",2114
SPB LLC,1155
Specialty AB,1486
Speciation Artisan Ales LLC,1852
Spectacle Brewing LLC,1795
Spencer Brewery LLC The,1958
Spindrift Spiked Co LLC,2074
Spoetzl Brewery Inc.,1068
Sprecher Brewing Company Inc,1180
"St. Killian Importing Company, Inc.",741
Staatliches Hofbrauhaus in Munchen,856
Staats Brauerei Weihenstephan,803
"Standard Brewing, LLC",2135
Stanley Stawski Distributing Company,788
Star  Catcher Beverages LLC,2143
Staropilsen S.R.O.,1944
Stassen SA,2092
Stereotypical Brewing,2056
Stickmen Brewing Inc,1894
Stiegl Brewery,1204
Stoneyhead Brewing LLC,1679
Stormke Brewing LLC,2163
Stout Brewing Co LLC,1513
Streetside Brewery LLC,2137
Studio Beverage Group Inc,2151
Suarez Family LLC,1834
Sublime Imports LLC,1555
Summit Brewing Company,1947
Sun King Brewing Company LLC,1703
Sun Valley Beverage Inc.,108
Sungold Brewery (Nepal) Pvt. Ltd.,1362
"Sunriver Brewing Company, LLC",1989
Supernova Beverages LLC,2043
Surly Brewing Company,1694
Suzie's Brewery Company,2089
SweetWater Brewing Company LLC,1752
"T Elenteny Holdings, LLC",1992
Taiwan Tobacco & Liquor Corp,1143
Tenaya Point LLC,1502
Tennent Caledonian Breweries UK Limited,1565
The Church Street Brewing Company LLC,2150
The Eau Claire Brewing Project,2037
Thomas Creek Brewery LLC,1762
Thornbridge Brewery,1862
Three Creeks Brewing Co LLC,1747
Three Creeks Production LLC,1748
Three Floyds Brewing LLC,1858
Three Magnets Brewing Co,1870
Threefold Holdings LLC,1781
Tired Hands Brewing Co LLC,1668
Tokyo Mutual Trading Co Ltd,1519
Tolago LLC,2146
Toppling Goliath Inc,1665
"Torch & Crown 704 Broadway, LLC",2073
Traquair House Brewery,752
Tributary Brewing Co LLC,1876
Trillium Brewing Company LLC,1838
TrimTab Brewing CO LLC,2165
Trinity Brewing Company,2005
Triple Crossing Brewing Co,1840
Troegs Brewing Co,1882
TRVE Brewing Company LLC,1787
"Tsingtao Brewery Co., Ltd.",627
Tuatara Brewing Co,1757
Tucher Brau AG,774
Turning Point Beer LLC,2155
Twelve Percent LLC,1375
Two Birds Brewing,1968
Two Roads Brewing Company LLC,1889
Two Scots LLC,1887
Uinta Brewing Company,1107
Une Annee Brewery,2058
Unicer Bebidas S.A.,1516
Union Son S.A de C.V.,1662
United Brands Company Inc,1225
United Brands LLC,1978
United Spirits Inc,2169
United States Beverage LLC,1147
United States Distilled Products,1655
Unity Vibration Living Kombucha Tea LLC,1437
Unseen Creatures Brewing & Blending LLC,2185
Upland Brewing Co Inc,1600
Upright Brewing Co LLC,1400
Upslope Brewing Company,2003
"Upstate Craft Beer, LLC",2106
"Utah Brewers Cooperative, LLC",1161
Veil Brewing Company LLC The,1832
"Vermont Hard Cider Company, LLC",2066
Victory Brewing Company LLC,1731
Vifilfell HF,1447
Vino.com LLC,1439
"VlaKancic, Connor",1864
Vliegende Paard Brouwers,1491
Von Ebert Brewing LLC,1828
Voodoo Brewing Company Inc,1914
Wachusett Brewing Co Inc,1474
"Warfield Brewing Company, LLC",2060
Warpigs USA Brewing LLC,1910
"Warsteiner Importers Agency, Inc",2142
Weathered Souls Brewing Company LLC,2118
Wein-Bauer Inc,1384
Weissbier Brauerei Hopf,1133
Weissbraeu Schwendl,1630
WeldWeks Brewing Co LLC,1794
Westbrook Brewing Company,2102
Westmalle Trappist Brewery,1191
"Wetten Importers, Inc.",892
Weyerbacher Brewing Co Inc,1818
WG Barr Beverage Company LP,1647
Whiner Brewery LLC,1905
Whipple Brewing and Distilling Company LLC,1949
White Elm Brewing Company LLC,2048
Wicked Weed Brewing LLC,1700
"Wild Animals Brewing, LLc",2031
Wild Mind Artisan Ales LLC,1962
Wiley Brewing Company LLC,2168
"Win It Too, Inc",2117
Wine of Japan Import Inc,1612
Winery Exchange Inc,1268
Winter Dog LLC,2183
Wise Man Brewing LLC,2054
Wiseacre LLC,1885
"Wismettac Foods, Inc",1816
WJ Deutsch & Sons Ltd,1392
WM Brewing Co Inc,2147
Wolf Tree Brewery LLC,1846
Wolf's Ridge Brewing LLC,1821
"Woodman's Brewing Company, LLC",2044
World of Wine Ltd,1174
Worthy Brewing LLC,1574
Wren House Brewing Company LLC,1884
XED Beverage Company,2088
Yakima Craft Brewing Co LLC,2030
Yaska LLC,1857
Yuksom Breweries Ltd,1896
Zagrebacka Pivovara d.o.o.,1461
Zatec Brewery,1294
Zatec Brewery,1506
Zeos Brewing Co.,1391
ZG Holdings LLC,1881
ZOD LLC,1790
Zoller Hoff International Gmbh,1935
Zundert Trappist Brewery,1897
Zymurgy Holding Company LLC,1890
Zywiec Brewery,1159